bd56ec6a-506c-4a16-971d-dcf5c09b6f51,mail@mail.com,tepech,Tytus,Bomba,kapitan
7744d906-4801-4140-a31e-97218b063dc5,chorazy@mail.com,pass123,Michał,Głuś,alien69
db296972-3a91-4e45-8c5e-f868ffe4c058,abc@mail.com,haslohaslo123,Janusz,Kowalski,janusz69
3ffa09e1-2db1-415a-843e-f4bca59dad50,def@mail.com,pykpykpyk,Bogusław,Łęcina,fuszerka0
62d52381-69da-4f4f-a64e-864aa25c24a4,abc@mail.com,haslohaslo123,Janusz,Kowalski,janusz69
692cde67-c9c5-4ad9-bbb6-d979d7051d35,def@mail.com,pykpykpyk,Bogusław,Łęcina,fuszerka0
677fc954-5761-43df-bf9a-99e5a9c5c807,abc@mail.com,haslohaslo123,Janusz,Kowalski,janusz69
67a2b802-cc6b-457b-90fa-2fbf3d2e3877,def@mail.com,pykpykpyk,Bogusław,Łęcina,fuszerka0
2f7b74db-e7b4-4958-87d3-3a1f0aefc3a1,abc@mail.com,haslohaslo123,Janusz,Kowalski,janusz69
136357f3-9a38-4c12-b496-dda93ddf946d,def@mail.com,pykpykpyk,Bogusław,Łęcina,fuszerka0
52ad8030-e0c2-42e3-b9b3-458b89a00070,abc@mail.com,haslohaslo123,Janusz,Kowalski,janusz69
88b2832d-ccb3-410f-8b1d-f0aef458c05c,def@mail.com,pykpykpyk,Bogusław,Łęcina,fuszerka0
0a77cfb1-6d47-40b4-8f03-6fa6e38529db,kamil.majewski-94@wp.pl,Loleczek3,Kamil,Majewski,Milva
9a64f1d9-d8f9-4afe-8ef1-2e31a1df0297,kamil.majewski-94@wp.pl,lolealsdawd,Kamil,Majewski,Milva
